{"cameraMode":{"drawMode":0,"name":"Shaded","section":"Shading Mode"},"sceneLighting":true,"audioPlay":false,"sceneViewState":{"m_AlwaysRefresh":false,"showFog":true,"showSkybox":true,"showFlares":true,"showImageEffects":true,"showParticleSystems":true,"showVisualEffectGraphs":true,"m_FxEnabled":true},"in2DMode":false,"pivot":{"x":0.7549728751182556,"y":-9.892255783081055,"z":52.30181121826172},"rotation":{"x":-0.12445925176143646,"y":-0.019930046051740648,"z":0.002501262817531824,"w":-0.992013692855835},"size":44.21249008178711,"orthographic":false}